year,region,public_university,public_polytechnic,private_university,private_polytechnic
2021 / 2022,Portugal,218399.0,132796.0,56195.0,25827.0
2021 / 2022,Continente,213273.0,131475.0,56195.0,25411.0
2021 / 2022,Norte,62083.0,45492.0,23426.0,13780.0
2021 / 2022,Alto Minho,,5177.0,,
2021 / 2022,Cávado,19901.0,6459.0,906.0,338.0
2021 / 2022,Ave,,,642.0,1592.0
2021 / 2022,Área Metropolitana do Porto,34879.0,21152.0,21878.0,10940.0
2021 / 2022,Alto Tâmega,,,,381.0
2021 / 2022,Tâmega e Sousa,,1828.0,,529.0
2021 / 2022,Douro,7303.0,1152.0,,
2021 / 2022,Terras de Trás-os-Montes,,9724.0,,
2021 / 2022,Centro,43939.0,44473.0,2066.0,1104.0
2021 / 2022,Oeste,,3303.0,,
2021 / 2022,Região de Aveiro,12281.0,3117.0,,397.0
2021 / 2022,Região de Coimbra,23567.0,13246.0,1525.0,
2021 / 2022,Região de Leiria,,9367.0,,467.0
2021 / 2022,Viseu Dão Lafões,,5332.0,541.0,240.0
2021 / 2022,Beira Baixa,,4460.0,,
2021 / 2022,Médio Tejo,,2297.0,,
2021 / 2022,Beiras e Serra da Estrela,8091.0,3351.0,,
2021 / 2022,Área Metropolitana de Lisboa,95128.0,26480.0,30039.0,9502.0
2021 / 2022,Área Metropolitana de Lisboa,95128.0,26480.0,30039.0,9502.0
2021 / 2022,Alentejo,6961.0,10596.0,,749.0
2021 / 2022,Alentejo Litoral,,,,
2021 / 2022,Baixo Alentejo,,3275.0,,
2021 / 2022,Lezíria do Tejo,,4409.0,,749.0
2021 / 2022,Alto Alentejo,,2298.0,,
2021 / 2022,Alentejo Central,6961.0,614.0,,
2021 / 2022,Algarve,5162.0,4434.0,664.0,276.0
2021 / 2022,Algarve,5162.0,4434.0,664.0,276.0
2021 / 2022,Região Autónoma dos Açores,2481.0,430.0,,
2021 / 2022,Região Autónoma dos Açores,2481.0,430.0,,
2021 / 2022,Região Autónoma dos Açores,2481.0,430.0,,
2021 / 2022,Região Autónoma da Madeira,2645.0,891.0,,416.0
2021 / 2022,Região Autónoma da Madeira,2645.0,891.0,,416.0
2021 / 2022,Região Autónoma da Madeira,2645.0,891.0,,416.0
2020 / 2021,Portugal,208227.0,126912.0,53072.0,23784.0
2020 / 2021,Continente,203413.0,125801.0,53072.0,23293.0
2020 / 2021,Norte,57648.0,43163.0,22966.0,13231.0
2020 / 2021,Alto Minho,,4880.0,132.0,
2020 / 2021,Cávado,18695.0,6118.0,930.0,282.0
2020 / 2021,Ave,,,668.0,1525.0
2020 / 2021,Área Metropolitana do Porto,32092.0,20222.0,21236.0,10815.0
2020 / 2021,Alto Tâmega,,,,339.0
2020 / 2021,Tâmega e Sousa,,1825.0,,270.0
2020 / 2021,Douro,6861.0,1125.0,,
2020 / 2021,Terras de Trás-os-Montes,,8993.0,,
2020 / 2021,Centro,42386.0,42969.0,1930.0,884.0
2020 / 2021,Oeste,,3034.0,,
2020 / 2021,Região de Aveiro,11611.0,2974.0,,356.0
2020 / 2021,Região de Coimbra,22924.0,12852.0,1438.0,
2020 / 2021,Região de Leiria,,8732.0,,336.0
2020 / 2021,Viseu Dão Lafões,,5240.0,492.0,192.0
2020 / 2021,Beira Baixa,,4474.0,,
2020 / 2021,Médio Tejo,,2343.0,,
2020 / 2021,Beiras e Serra da Estrela,7851.0,3320.0,,
2020 / 2021,Área Metropolitana de Lisboa,91831.0,25396.0,27657.0,8265.0
2020 / 2021,Área Metropolitana de Lisboa,91831.0,25396.0,27657.0,8265.0
2020 / 2021,Alentejo,6925.0,10017.0,,698.0
2020 / 2021,Alentejo Litoral,,,,
2020 / 2021,Baixo Alentejo,,3193.0,,
2020 / 2021,Lezíria do Tejo,,4074.0,,698.0
2020 / 2021,Alto Alentejo,,2149.0,,
2020 / 2021,Alentejo Central,6925.0,601.0,,
2020 / 2021,Algarve,4623.0,4256.0,519.0,215.0
2020 / 2021,Algarve,4623.0,4256.0,519.0,215.0
2020 / 2021,Região Autónoma dos Açores,2298.0,397.0,,
2020 / 2021,Região Autónoma dos Açores,2298.0,397.0,,
2020 / 2021,Região Autónoma dos Açores,2298.0,397.0,,
2020 / 2021,Região Autónoma da Madeira,2516.0,714.0,,491.0
2020 / 2021,Região Autónoma da Madeira,2516.0,714.0,,491.0
2020 / 2021,Região Autónoma da Madeira,2516.0,714.0,,491.0
2019 / 2020,Portugal,202188.0,121566.0,51272.0,21883.0
2019 / 2020,Continente,197577.0,120669.0,51272.0,21412.0
2019 / 2020,Norte,56921.0,40414.0,22100.0,12307.0
2019 / 2020,Alto Minho,,4451.0,139.0,4.0
2019 / 2020,Cávado,18487.0,5154.0,988.0,244.0
2019 / 2020,Ave,,,661.0,1265.0
2019 / 2020,Área Metropolitana do Porto,31779.0,19340.0,20312.0,10271.0
2019 / 2020,Alto Tâmega,,,,283.0
2019 / 2020,Tâmega e Sousa,,1603.0,,240.0
2019 / 2020,Douro,6655.0,1075.0,,
2019 / 2020,Terras de Trás-os-Montes,,8791.0,,
2019 / 2020,Centro,41344.0,41857.0,1831.0,789.0
2019 / 2020,Oeste,,3021.0,,
2019 / 2020,Região de Aveiro,10938.0,2806.0,,360.0
2019 / 2020,Região de Coimbra,22537.0,12638.0,1286.0,
2019 / 2020,Região de Leiria,,8213.0,,286.0
2019 / 2020,Viseu Dão Lafões,,4983.0,545.0,143.0
2019 / 2020,Beira Baixa,,4395.0,,
2019 / 2020,Médio Tejo,,2254.0,,
2019 / 2020,Beiras e Serra da Estrela,7869.0,3547.0,,
2019 / 2020,Área Metropolitana de Lisboa,88261.0,24464.0,26910.0,7530.0
2019 / 2020,Área Metropolitana de Lisboa,88261.0,24464.0,26910.0,7530.0
2019 / 2020,Alentejo,6594.0,9948.0,,630.0
2019 / 2020,Alentejo Litoral,,,,
2019 / 2020,Baixo Alentejo,,3124.0,,
2019 / 2020,Lezíria do Tejo,,4051.0,,630.0
2019 / 2020,Alto Alentejo,,2137.0,,
2019 / 2020,Alentejo Central,6594.0,636.0,,
2019 / 2020,Algarve,4457.0,3986.0,431.0,156.0
2019 / 2020,Algarve,4457.0,3986.0,431.0,156.0
2019 / 2020,Região Autónoma dos Açores,2217.0,409.0,,
2019 / 2020,Região Autónoma dos Açores,2217.0,409.0,,
2019 / 2020,Região Autónoma dos Açores,2217.0,409.0,,
2019 / 2020,Região Autónoma da Madeira,2394.0,488.0,,471.0
2019 / 2020,Região Autónoma da Madeira,2394.0,488.0,,471.0
2019 / 2020,Região Autónoma da Madeira,2394.0,488.0,,471.0
2018 / 2019,Portugal,199388.0,116801.0,48479.0,20579.0
2018 / 2019,Continente,194625.0,116010.0,48479.0,20069.0
2018 / 2019,Norte,55232.0,38916.0,20922.0,11243.0
2018 / 2019,Alto Minho,,4203.0,140.0,11.0
2018 / 2019,Cávado,17867.0,4847.0,895.0,195.0
2018 / 2019,Ave,,,635.0,1114.0
2018 / 2019,Área Metropolitana do Porto,31362.0,19079.0,19252.0,9472.0
2018 / 2019,Alto Tâmega,,,,246.0
2018 / 2019,Tâmega e Sousa,,1471.0,,205.0
2018 / 2019,Douro,6003.0,967.0,,
2018 / 2019,Terras de Trás-os-Montes,,8349.0,,
2018 / 2019,Centro,40055.0,39978.0,1726.0,680.0
2018 / 2019,Oeste,,2999.0,,37.0
2018 / 2019,Região de Aveiro,10478.0,2735.0,,234.0
2018 / 2019,Região de Coimbra,22145.0,12587.0,1227.0,
2018 / 2019,Região de Leiria,,8130.0,,283.0
2018 / 2019,Viseu Dão Lafões,,4487.0,499.0,126.0
2018 / 2019,Beira Baixa,,4107.0,,
2018 / 2019,Médio Tejo,,2067.0,,
2018 / 2019,Beiras e Serra da Estrela,7432.0,2866.0,,
2018 / 2019,Área Metropolitana de Lisboa,88653.0,23899.0,25481.0,7561.0
2018 / 2019,Área Metropolitana de Lisboa,88653.0,23899.0,25481.0,7561.0
2018 / 2019,Alentejo,6358.0,9280.0,,440.0
2018 / 2019,Alentejo Litoral,,,,
2018 / 2019,Baixo Alentejo,,2721.0,,
2018 / 2019,Lezíria do Tejo,,3840.0,,440.0
2018 / 2019,Alto Alentejo,,2130.0,,
2018 / 2019,Alentejo Central,6358.0,589.0,,
2018 / 2019,Algarve,4327.0,3937.0,350.0,145.0
2018 / 2019,Algarve,4327.0,3937.0,350.0,145.0
2018 / 2019,Região Autónoma dos Açores,2405.0,422.0,,
2018 / 2019,Região Autónoma dos Açores,2405.0,422.0,,
2018 / 2019,Região Autónoma dos Açores,2405.0,422.0,,
2018 / 2019,Região Autónoma da Madeira,2358.0,369.0,,510.0
2018 / 2019,Região Autónoma da Madeira,2358.0,369.0,,510.0
2018 / 2019,Região Autónoma da Madeira,2358.0,369.0,,510.0
2017 / 2018,Portugal,195199.0,113290.0,46036.0,18228.0
2017 / 2018,Continente,190417.0,112604.0,46036.0,17721.0
2017 / 2018,Norte,54185.0,37116.0,19779.0,9849.0
2017 / 2018,Alto Minho,,4144.0,144.0,21.0
2017 / 2018,Cávado,17535.0,4476.0,985.0,150.0
2017 / 2018,Ave,,,627.0,1008.0
2017 / 2018,Área Metropolitana do Porto,30670.0,18917.0,18023.0,8320.0
2017 / 2018,Alto Tâmega,,,,189.0
2017 / 2018,Tâmega e Sousa,,1434.0,,161.0
2017 / 2018,Douro,5980.0,916.0,,
2017 / 2018,Terras de Trás-os-Montes,,7229.0,,
2017 / 2018,Centro,39350.0,39238.0,1679.0,607.0
2017 / 2018,Oeste,,2949.0,,60.0
2017 / 2018,Região de Aveiro,10263.0,2706.0,,169.0
2017 / 2018,Região de Coimbra,21890.0,12585.0,1198.0,
2017 / 2018,Região de Leiria,,7793.0,,215.0
2017 / 2018,Viseu Dão Lafões,,4422.0,481.0,163.0
2017 / 2018,Beira Baixa,,4070.0,,
2017 / 2018,Médio Tejo,,2014.0,,
2017 / 2018,Beiras e Serra da Estrela,7197.0,2699.0,,
2017 / 2018,Área Metropolitana de Lisboa,86349.0,23801.0,24286.0,6830.0
2017 / 2018,Área Metropolitana de Lisboa,86349.0,23801.0,24286.0,6830.0
2017 / 2018,Alentejo,6335.0,8639.0,,322.0
2017 / 2018,Alentejo Litoral,,,,44.0
2017 / 2018,Baixo Alentejo,,2603.0,,
2017 / 2018,Lezíria do Tejo,,3578.0,,278.0
2017 / 2018,Alto Alentejo,,1917.0,,
2017 / 2018,Alentejo Central,6335.0,541.0,,
2017 / 2018,Algarve,4198.0,3810.0,292.0,113.0
2017 / 2018,Algarve,4198.0,3810.0,292.0,113.0
2017 / 2018,Região Autónoma dos Açores,2341.0,427.0,,
2017 / 2018,Região Autónoma dos Açores,2341.0,427.0,,
2017 / 2018,Região Autónoma dos Açores,2341.0,427.0,,
2017 / 2018,Região Autónoma da Madeira,2441.0,259.0,,507.0
2017 / 2018,Região Autónoma da Madeira,2441.0,259.0,,507.0
2017 / 2018,Região Autónoma da Madeira,2441.0,259.0,,507.0
2016 / 2017,Portugal,192201.0,110395.0,43013.0,16334.0
2016 / 2017,Continente,187231.0,109744.0,43013.0,15890.0
2016 / 2017,Norte,53675.0,36319.0,18115.0,8633.0
2016 / 2017,Alto Minho,,4142.0,155.0,35.0
2016 / 2017,Cávado,17174.0,4450.0,918.0,89.0
2016 / 2017,Ave,,,585.0,934.0
2016 / 2017,Área Metropolitana do Porto,30553.0,18653.0,16457.0,7272.0
2016 / 2017,Alto Tâmega,,,,184.0
2016 / 2017,Tâmega e Sousa,,1383.0,,119.0
2016 / 2017,Douro,5948.0,906.0,,
2016 / 2017,Terras de Trás-os-Montes,,6785.0,,
2016 / 2017,Centro,38602.0,37858.0,1610.0,536.0
2016 / 2017,Oeste,,2796.0,,69.0
2016 / 2017,Região de Aveiro,10064.0,2618.0,,151.0
2016 / 2017,Região de Coimbra,21692.0,12258.0,1164.0,
2016 / 2017,Região de Leiria,,7329.0,,149.0
2016 / 2017,Viseu Dão Lafões,,4266.0,446.0,167.0
2016 / 2017,Beira Baixa,,3990.0,,
2016 / 2017,Médio Tejo,,1961.0,,
2016 / 2017,Beiras e Serra da Estrela,6846.0,2640.0,,
2016 / 2017,Área Metropolitana de Lisboa,84944.0,23303.0,22963.0,6369.0
2016 / 2017,Área Metropolitana de Lisboa,84944.0,23303.0,22963.0,6369.0
2016 / 2017,Alentejo,6063.0,8431.0,,230.0
2016 / 2017,Alentejo Litoral,,,,55.0
2016 / 2017,Baixo Alentejo,,2562.0,,
2016 / 2017,Lezíria do Tejo,,3677.0,,175.0
2016 / 2017,Alto Alentejo,,1779.0,,
2016 / 2017,Alentejo Central,6063.0,413.0,,
2016 / 2017,Algarve,3947.0,3833.0,325.0,122.0
2016 / 2017,Algarve,3947.0,3833.0,325.0,122.0
2016 / 2017,Região Autónoma dos Açores,2398.0,417.0,,
2016 / 2017,Região Autónoma dos Açores,2398.0,417.0,,
2016 / 2017,Região Autónoma dos Açores,2398.0,417.0,,
2016 / 2017,Região Autónoma da Madeira,2572.0,234.0,,444.0
2016 / 2017,Região Autónoma da Madeira,2572.0,234.0,,444.0
2016 / 2017,Região Autónoma da Madeira,2572.0,234.0,,444.0
2015 / 2016,Portugal,191633.0,106251.0,42981.0,15534.0
2015 / 2016,Continente,186619.0,105699.0,42981.0,15108.0
2015 / 2016,Norte,54235.0,35069.0,18143.0,7982.0
2015 / 2016,Alto Minho,,3888.0,182.0,45.0
2015 / 2016,Cávado,17030.0,4212.0,943.0,
2015 / 2016,Ave,,,577.0,1013.0
2015 / 2016,Área Metropolitana do Porto,30441.0,18526.0,16441.0,6628.0
2015 / 2016,Alto Tâmega,,,,184.0
2015 / 2016,Tâmega e Sousa,,1277.0,,112.0
2015 / 2016,Douro,6764.0,875.0,,
2015 / 2016,Terras de Trás-os-Montes,,6291.0,,
2015 / 2016,Centro,38612.0,35954.0,1728.0,618.0
2015 / 2016,Oeste,,2575.0,,87.0
2015 / 2016,Região de Aveiro,10047.0,2434.0,,185.0
2015 / 2016,Região de Coimbra,21909.0,11759.0,1258.0,
2015 / 2016,Região de Leiria,,6786.0,,155.0
2015 / 2016,Viseu Dão Lafões,,4187.0,470.0,172.0
2015 / 2016,Beira Baixa,,3784.0,,
2015 / 2016,Médio Tejo,,1855.0,,19.0
2015 / 2016,Beiras e Serra da Estrela,6656.0,2574.0,,
2015 / 2016,Área Metropolitana de Lisboa,84705.0,22891.0,22744.0,6212.0
2015 / 2016,Área Metropolitana de Lisboa,84705.0,22891.0,22744.0,6212.0
2015 / 2016,Alentejo,5425.0,8024.0,,172.0
2015 / 2016,Alentejo Litoral,,,,59.0
2015 / 2016,Baixo Alentejo,,2358.0,,
2015 / 2016,Lezíria do Tejo,,3649.0,,113.0
2015 / 2016,Alto Alentejo,,1676.0,,
2015 / 2016,Alentejo Central,5425.0,341.0,,
2015 / 2016,Algarve,3642.0,3761.0,366.0,124.0
2015 / 2016,Algarve,3642.0,3761.0,366.0,124.0
2015 / 2016,Região Autónoma dos Açores,2357.0,369.0,,
2015 / 2016,Região Autónoma dos Açores,2357.0,369.0,,
2015 / 2016,Região Autónoma dos Açores,2357.0,369.0,,
2015 / 2016,Região Autónoma da Madeira,2657.0,183.0,,426.0
2015 / 2016,Região Autónoma da Madeira,2657.0,183.0,,426.0
2015 / 2016,Região Autónoma da Madeira,2657.0,183.0,,426.0
2014 / 2015,Portugal,191707.0,100652.0,42666.0,14633.0
2014 / 2015,Continente,186453.0,100190.0,42666.0,14303.0
2014 / 2015,Norte,54371.0,32734.0,18250.0,7269.0
2014 / 2015,Alto Minho,,3630.0,207.0,54.0
2014 / 2015,Cávado,17440.0,3715.0,988.0,
2014 / 2015,Ave,,,558.0,1153.0
2014 / 2015,Área Metropolitana do Porto,30515.0,18069.0,16497.0,5701.0
2014 / 2015,Alto Tâmega,,,,229.0
2014 / 2015,Tâmega e Sousa,,1196.0,,128.0
2014 / 2015,Douro,6416.0,777.0,,
2014 / 2015,Terras de Trás-os-Montes,,5347.0,,4.0
2014 / 2015,Centro,39091.0,33927.0,1892.0,783.0
2014 / 2015,Oeste,,2355.0,,106.0
2014 / 2015,Região de Aveiro,10254.0,2264.0,,353.0
2014 / 2015,Região de Coimbra,22074.0,11441.0,1302.0,
2014 / 2015,Região de Leiria,,6254.0,96.0,69.0
2014 / 2015,Viseu Dão Lafões,,4045.0,494.0,200.0
2014 / 2015,Beira Baixa,,3546.0,,
2014 / 2015,Médio Tejo,,1662.0,,55.0
2014 / 2015,Beiras e Serra da Estrela,6763.0,2360.0,,
2014 / 2015,Área Metropolitana de Lisboa,83873.0,22516.0,22070.0,5944.0
2014 / 2015,Área Metropolitana de Lisboa,83873.0,22516.0,22070.0,5944.0
2014 / 2015,Alentejo,5462.0,7364.0,,164.0
2014 / 2015,Alentejo Litoral,,,,55.0
2014 / 2015,Baixo Alentejo,,2253.0,,
2014 / 2015,Lezíria do Tejo,,3155.0,,109.0
2014 / 2015,Alto Alentejo,,1600.0,,
2014 / 2015,Alentejo Central,5462.0,356.0,,
2014 / 2015,Algarve,3656.0,3649.0,454.0,143.0
2014 / 2015,Algarve,3656.0,3649.0,454.0,143.0
2014 / 2015,Região Autónoma dos Açores,2560.0,350.0,,
2014 / 2015,Região Autónoma dos Açores,2560.0,350.0,,
2014 / 2015,Região Autónoma dos Açores,2560.0,350.0,,
2014 / 2015,Região Autónoma da Madeira,2694.0,112.0,,330.0
2014 / 2015,Região Autónoma da Madeira,2694.0,112.0,,330.0
2014 / 2015,Região Autónoma da Madeira,2694.0,112.0,,330.0
2013 / 2014,Portugal,198380.0,103274.0,44495.0,16051.0
2013 / 2014,Continente,192916.0,102789.0,44495.0,15795.0
2013 / 2014,Norte,56436.0,32975.0,18723.0,7687.0
2013 / 2014,Alto Minho,,3773.0,242.0,55.0
2013 / 2014,Cávado,17698.0,3589.0,1014.0,
2013 / 2014,Ave,,,544.0,1298.0
2013 / 2014,Área Metropolitana do Porto,31904.0,18318.0,16923.0,5922.0
2013 / 2014,Alto Tâmega,142.0,,,244.0
2013 / 2014,Tâmega e Sousa,,1198.0,,142.0
2013 / 2014,Douro,6692.0,737.0,,
2013 / 2014,Terras de Trás-os-Montes,,5360.0,,26.0
2013 / 2014,Centro,41795.0,35272.0,2068.0,847.0
2013 / 2014,Oeste,,2402.0,,106.0
2013 / 2014,Região de Aveiro,10916.0,2340.0,,342.0
2013 / 2014,Região de Coimbra,23934.0,11581.0,1299.0,
2013 / 2014,Região de Leiria,,6602.0,171.0,88.0
2013 / 2014,Viseu Dão Lafões,,4417.0,598.0,215.0
2013 / 2014,Beira Baixa,,3687.0,,
2013 / 2014,Médio Tejo,,1923.0,,96.0
2013 / 2014,Beiras e Serra da Estrela,6945.0,2320.0,,
2013 / 2014,Área Metropolitana de Lisboa,84877.0,22883.0,23074.0,6940.0
2013 / 2014,Área Metropolitana de Lisboa,84877.0,22883.0,23074.0,6940.0
2013 / 2014,Alentejo,5823.0,7788.0,,127.0
2013 / 2014,Alentejo Litoral,,,,53.0
2013 / 2014,Baixo Alentejo,,2355.0,,
2013 / 2014,Lezíria do Tejo,,3303.0,,74.0
2013 / 2014,Alto Alentejo,,1745.0,,
2013 / 2014,Alentejo Central,5823.0,385.0,,
2013 / 2014,Algarve,3985.0,3871.0,630.0,194.0
2013 / 2014,Algarve,3985.0,3871.0,630.0,194.0
2013 / 2014,Região Autónoma dos Açores,2671.0,363.0,,
2013 / 2014,Região Autónoma dos Açores,2671.0,363.0,,
2013 / 2014,Região Autónoma dos Açores,2671.0,363.0,,
2013 / 2014,Região Autónoma da Madeira,2793.0,122.0,,256.0
2013 / 2014,Região Autónoma da Madeira,2793.0,122.0,,256.0
2013 / 2014,Região Autónoma da Madeira,2793.0,122.0,,256.0
2012 / 2013,Portugal,197036.0,106674.0,48716.0,18574.0
2012 / 2013,Continente,191392.0,106063.0,48716.0,18305.0
2012 / 2013,Norte,56858.0,33724.0,20040.0,8728.0
2012 / 2013,Alto Minho,,3966.0,255.0,38.0
2012 / 2013,Cávado,17577.0,3679.0,998.0,
2012 / 2013,Ave,,,664.0,1556.0
2012 / 2013,Área Metropolitana do Porto,32166.0,18136.0,18096.0,6577.0
2012 / 2013,Alto Tâmega,161.0,,,256.0
2012 / 2013,Tâmega e Sousa,,1257.0,,231.0
2012 / 2013,Douro,6954.0,898.0,,
2012 / 2013,Terras de Trás-os-Montes,,5788.0,27.0,70.0
2012 / 2013,Centro,41925.0,36499.0,2248.0,959.0
2012 / 2013,Oeste,,2465.0,,148.0
2012 / 2013,Região de Aveiro,11035.0,2408.0,,330.0
2012 / 2013,Região de Coimbra,24087.0,11796.0,1277.0,
2012 / 2013,Região de Leiria,,6694.0,218.0,124.0
2012 / 2013,Viseu Dão Lafões,,4669.0,753.0,239.0
2012 / 2013,Beira Baixa,,3944.0,,
2012 / 2013,Médio Tejo,,2216.0,,118.0
2012 / 2013,Beiras e Serra da Estrela,6803.0,2307.0,,
2012 / 2013,Área Metropolitana de Lisboa,82480.0,23556.0,25358.0,8367.0
2012 / 2013,Área Metropolitana de Lisboa,82480.0,23556.0,25358.0,8367.0
2012 / 2013,Alentejo,6363.0,8164.0,225.0,
2012 / 2013,Alentejo Litoral,,,81.0,
2012 / 2013,Baixo Alentejo,,2480.0,,
2012 / 2013,Lezíria do Tejo,,3391.0,144.0,
2012 / 2013,Alto Alentejo,,1989.0,,
2012 / 2013,Alentejo Central,6363.0,304.0,,
2012 / 2013,Algarve,3766.0,4120.0,845.0,251.0
2012 / 2013,Algarve,3766.0,4120.0,845.0,251.0
2012 / 2013,Região Autónoma dos Açores,2970.0,456.0,,
2012 / 2013,Região Autónoma dos Açores,2970.0,456.0,,
2012 / 2013,Região Autónoma dos Açores,2970.0,456.0,,
2012 / 2013,Região Autónoma da Madeira,2674.0,155.0,,269.0
2012 / 2013,Região Autónoma da Madeira,2674.0,155.0,,269.0
2012 / 2013,Região Autónoma da Madeira,2674.0,155.0,,269.0
2011 / 2012,Portugal,197912.0,113662.0,55147.0,23552.0
2011 / 2012,Continente,191854.0,112975.0,55147.0,23244.0
2011 / 2012,Norte,55740.0,34715.0,22208.0,11063.0
2011 / 2012,Alto Minho,,4071.0,291.0,55.0
2011 / 2012,Cávado,17678.0,3730.0,1203.0,
2011 / 2012,Ave,,,879.0,2079.0
2011 / 2012,Área Metropolitana do Porto,30772.0,18135.0,19746.0,8041.0
2011 / 2012,Alto Tâmega,230.0,,,292.0
2011 / 2012,Tâmega e Sousa,,1352.0,,424.0
2011 / 2012,Douro,7060.0,1108.0,,
2011 / 2012,Terras de Trás-os-Montes,,6319.0,89.0,172.0
2011 / 2012,Centro,40905.0,39631.0,2621.0,1147.0
2011 / 2012,Oeste,,2577.0,,188.0
2011 / 2012,Região de Aveiro,10805.0,2406.0,,322.0
2011 / 2012,Região de Coimbra,23408.0,12724.0,1482.0,
2011 / 2012,Região de Leiria,,7181.0,299.0,163.0
2011 / 2012,Viseu Dão Lafões,,5219.0,840.0,272.0
2011 / 2012,Beira Baixa,,4364.0,,
2011 / 2012,Médio Tejo,,2516.0,,202.0
2011 / 2012,Beiras e Serra da Estrela,6692.0,2644.0,,
2011 / 2012,Área Metropolitana de Lisboa,84059.0,24832.0,28857.0,10666.0
2011 / 2012,Área Metropolitana de Lisboa,84059.0,24832.0,28857.0,10666.0
2011 / 2012,Alentejo,7157.0,9362.0,280.0,
2011 / 2012,Alentejo Litoral,,,112.0,
2011 / 2012,Baixo Alentejo,,2882.0,,
2011 / 2012,Lezíria do Tejo,,3757.0,168.0,
2011 / 2012,Alto Alentejo,,2280.0,,
2011 / 2012,Alentejo Central,7157.0,443.0,,
2011 / 2012,Algarve,3993.0,4435.0,1181.0,368.0
2011 / 2012,Algarve,3993.0,4435.0,1181.0,368.0
2011 / 2012,Região Autónoma dos Açores,3138.0,505.0,,
2011 / 2012,Região Autónoma dos Açores,3138.0,505.0,,
2011 / 2012,Região Autónoma dos Açores,3138.0,505.0,,
2011 / 2012,Região Autónoma da Madeira,2920.0,182.0,,308.0
2011 / 2012,Região Autónoma da Madeira,2920.0,182.0,,308.0
2011 / 2012,Região Autónoma da Madeira,2920.0,182.0,,308.0
2010 / 2011,Portugal,193106.0,114872.0,60452.0,27838.0
2010 / 2011,Continente,186814.0,114167.0,60452.0,27410.0
2010 / 2011,Norte,52912.0,33615.0,23755.0,13472.0
2010 / 2011,Alto Minho,,3826.0,341.0,84.0
2010 / 2011,Cávado,17104.0,3431.0,1331.0,
2010 / 2011,Ave,,,1129.0,2687.0
2010 / 2011,Área Metropolitana do Porto,28699.0,17282.0,20802.0,9636.0
2010 / 2011,Alto Tâmega,310.0,,,268.0
2010 / 2011,Tâmega e Sousa,,1241.0,,430.0
2010 / 2011,Douro,6799.0,1141.0,,
2010 / 2011,Terras de Trás-os-Montes,,6694.0,152.0,367.0
2010 / 2011,Centro,40186.0,40977.0,3033.0,1553.0
2010 / 2011,Oeste,,2550.0,9.0,251.0
2010 / 2011,Região de Aveiro,10553.0,2514.0,,383.0
2010 / 2011,Região de Coimbra,23139.0,12668.0,1825.0,
2010 / 2011,Região de Leiria,,7445.0,355.0,191.0
2010 / 2011,Viseu Dão Lafões,,5689.0,844.0,496.0
2010 / 2011,Beira Baixa,,4228.0,,
2010 / 2011,Médio Tejo,,2963.0,,232.0
2010 / 2011,Beiras e Serra da Estrela,6494.0,2920.0,,
2010 / 2011,Área Metropolitana de Lisboa,81431.0,24836.0,31881.0,11886.0
2010 / 2011,Área Metropolitana de Lisboa,81431.0,24836.0,31881.0,11886.0
2010 / 2011,Alentejo,7947.0,10139.0,324.0,
2010 / 2011,Alentejo Litoral,,,145.0,
2010 / 2011,Baixo Alentejo,,2998.0,,
2010 / 2011,Lezíria do Tejo,,3982.0,179.0,
2010 / 2011,Alto Alentejo,,2610.0,,
2010 / 2011,Alentejo Central,7947.0,549.0,,
2010 / 2011,Algarve,4338.0,4600.0,1459.0,499.0
2010 / 2011,Algarve,4338.0,4600.0,1459.0,499.0
2010 / 2011,Região Autónoma dos Açores,3362.0,512.0,,
2010 / 2011,Região Autónoma dos Açores,3362.0,512.0,,
2010 / 2011,Região Autónoma dos Açores,3362.0,512.0,,
2010 / 2011,Região Autónoma da Madeira,2930.0,193.0,,428.0
2010 / 2011,Região Autónoma da Madeira,2930.0,193.0,,428.0
2010 / 2011,Região Autónoma da Madeira,2930.0,193.0,,428.0
2009 / 2010,Portugal,183806.0,110022.0,60174.0,29625.0
2009 / 2010,Continente,177711.0,109325.0,60174.0,29162.0
2009 / 2010,Norte,51723.0,31574.0,22797.0,14741.0
2009 / 2010,Alto Minho,,3633.0,308.0,131.0
2009 / 2010,Cávado,15690.0,3010.0,1191.0,
2009 / 2010,Ave,,,1263.0,3001.0
2009 / 2010,Área Metropolitana do Porto,28628.0,16162.0,19870.0,10376.0
2009 / 2010,Alto Tâmega,339.0,,,398.0
2009 / 2010,Tâmega e Sousa,,1040.0,,308.0
2009 / 2010,Douro,7064.0,1120.0,,
2009 / 2010,Terras de Trás-os-Montes,2.0,6609.0,165.0,527.0
2009 / 2010,Centro,36609.0,39751.0,3163.0,1796.0
2009 / 2010,Oeste,,2380.0,29.0,319.0
2009 / 2010,Região de Aveiro,9781.0,2517.0,,399.0
2009 / 2010,Região de Coimbra,20868.0,12013.0,1954.0,
2009 / 2010,Região de Leiria,,7097.0,341.0,219.0
2009 / 2010,Viseu Dão Lafões,,5322.0,839.0,635.0
2009 / 2010,Beira Baixa,,4374.0,,
2009 / 2010,Médio Tejo,,3132.0,,224.0
2009 / 2010,Beiras e Serra da Estrela,5960.0,2916.0,,
2009 / 2010,Área Metropolitana de Lisboa,77802.0,23560.0,32370.0,12049.0
2009 / 2010,Área Metropolitana de Lisboa,77802.0,23560.0,32370.0,12049.0
2009 / 2010,Alentejo,7633.0,9740.0,341.0,
2009 / 2010,Alentejo Litoral,,,176.0,
2009 / 2010,Baixo Alentejo,,2779.0,,
2009 / 2010,Lezíria do Tejo,,3863.0,165.0,
2009 / 2010,Alto Alentejo,,2612.0,,
2009 / 2010,Alentejo Central,7633.0,486.0,,
2009 / 2010,Algarve,3944.0,4700.0,1503.0,576.0
2009 / 2010,Algarve,3944.0,4700.0,1503.0,576.0
2009 / 2010,Região Autónoma dos Açores,3158.0,523.0,,
2009 / 2010,Região Autónoma dos Açores,3158.0,523.0,,
2009 / 2010,Região Autónoma dos Açores,3158.0,523.0,,
2009 / 2010,Região Autónoma da Madeira,2937.0,174.0,,463.0
2009 / 2010,Região Autónoma da Madeira,2937.0,174.0,,463.0
2009 / 2010,Região Autónoma da Madeira,2937.0,174.0,,463.0
2008 / 2009,Portugal,175465.0,106973.0,60230.0,30334.0
2008 / 2009,Continente,169387.0,106373.0,60230.0,29810.0
2008 / 2009,Norte,49366.0,29047.0,22785.0,15341.0
2008 / 2009,Alto Minho,,3100.0,342.0,187.0
2008 / 2009,Cávado,14821.0,2601.0,1219.0,
2008 / 2009,Ave,,,1342.0,3287.0
2008 / 2009,Área Metropolitana do Porto,27372.0,15033.0,19631.0,10606.0
2008 / 2009,Alto Tâmega,319.0,,,383.0
2008 / 2009,Tâmega e Sousa,,828.0,,140.0
2008 / 2009,Douro,6756.0,1189.0,,
2008 / 2009,Terras de Trás-os-Montes,98.0,6296.0,251.0,738.0
2008 / 2009,Centro,35081.0,39623.0,3725.0,1762.0
2008 / 2009,Oeste,,2200.0,49.0,298.0
2008 / 2009,Região de Aveiro,9021.0,2664.0,,417.0
2008 / 2009,Região de Coimbra,20177.0,11902.0,2424.0,
2008 / 2009,Região de Leiria,,6869.0,376.0,217.0
2008 / 2009,Viseu Dão Lafões,,5041.0,876.0,680.0
2008 / 2009,Beira Baixa,,4671.0,,
2008 / 2009,Médio Tejo,,3159.0,,150.0
2008 / 2009,Beiras e Serra da Estrela,5883.0,3117.0,,
2008 / 2009,Área Metropolitana de Lisboa,74004.0,23086.0,32112.0,12009.0
2008 / 2009,Área Metropolitana de Lisboa,74004.0,23086.0,32112.0,12009.0
2008 / 2009,Alentejo,7111.0,9749.0,354.0,
2008 / 2009,Alentejo Litoral,,,151.0,
2008 / 2009,Baixo Alentejo,,2738.0,9.0,
2008 / 2009,Lezíria do Tejo,,3809.0,194.0,
2008 / 2009,Alto Alentejo,,2757.0,,
2008 / 2009,Alentejo Central,7111.0,445.0,,
2008 / 2009,Algarve,3825.0,4868.0,1254.0,698.0
2008 / 2009,Algarve,3825.0,4868.0,1254.0,698.0
2008 / 2009,Região Autónoma dos Açores,3121.0,445.0,,
2008 / 2009,Região Autónoma dos Açores,3121.0,445.0,,
2008 / 2009,Região Autónoma dos Açores,3121.0,445.0,,
2008 / 2009,Região Autónoma da Madeira,2957.0,155.0,,524.0
2008 / 2009,Região Autónoma da Madeira,2957.0,155.0,,524.0
2008 / 2009,Região Autónoma da Madeira,2957.0,155.0,,524.0
2007 / 2008,Portugal,175998.0,108335.0,60732.0,31852.0
2007 / 2008,Continente,170145.0,107690.0,60732.0,31269.0
2007 / 2008,Norte,49640.0,28982.0,22759.0,16606.0
2007 / 2008,Alto Minho,,3260.0,376.0,354.0
2007 / 2008,Cávado,15400.0,2228.0,1174.0,
2007 / 2008,Ave,,,1380.0,3517.0
2007 / 2008,Área Metropolitana do Porto,27184.0,15782.0,19538.0,11168.0
2007 / 2008,Alto Tâmega,407.0,,,411.0
2007 / 2008,Tâmega e Sousa,,717.0,,166.0
2007 / 2008,Douro,6492.0,1155.0,,
2007 / 2008,Terras de Trás-os-Montes,157.0,5840.0,291.0,990.0
2007 / 2008,Centro,35447.0,40748.0,4193.0,1812.0
2007 / 2008,Oeste,,2079.0,64.0,247.0
2007 / 2008,Região de Aveiro,9481.0,3007.0,,388.0
2007 / 2008,Região de Coimbra,19921.0,11956.0,2696.0,
2007 / 2008,Região de Leiria,,6666.0,420.0,200.0
2007 / 2008,Viseu Dão Lafões,,5419.0,1013.0,805.0
2007 / 2008,Beira Baixa,,4657.0,,
2007 / 2008,Médio Tejo,,3426.0,,172.0
2007 / 2008,Beiras e Serra da Estrela,6045.0,3538.0,,
2007 / 2008,Área Metropolitana de Lisboa,74259.0,22288.0,32110.0,12102.0
2007 / 2008,Área Metropolitana de Lisboa,74259.0,22288.0,32110.0,12102.0
2007 / 2008,Alentejo,6892.0,10484.0,605.0,
2007 / 2008,Alentejo Litoral,,,132.0,
2007 / 2008,Baixo Alentejo,,2936.0,168.0,
2007 / 2008,Lezíria do Tejo,,4079.0,305.0,
2007 / 2008,Alto Alentejo,,3040.0,,
2007 / 2008,Alentejo Central,6892.0,429.0,,
2007 / 2008,Algarve,3907.0,5188.0,1065.0,749.0
2007 / 2008,Algarve,3907.0,5188.0,1065.0,749.0
2007 / 2008,Região Autónoma dos Açores,2880.0,440.0,,
2007 / 2008,Região Autónoma dos Açores,2880.0,440.0,,
2007 / 2008,Região Autónoma dos Açores,2880.0,440.0,,
2007 / 2008,Região Autónoma da Madeira,2973.0,205.0,,583.0
2007 / 2008,Região Autónoma da Madeira,2973.0,205.0,,583.0
2007 / 2008,Região Autónoma da Madeira,2973.0,205.0,,583.0
2006 / 2007,Portugal,169449.0,105872.0,60094.0,31314.0
2006 / 2007,Continente,164181.0,105174.0,60094.0,30839.0
2006 / 2007,Norte,47205.0,28400.0,21832.0,16253.0
2006 / 2007,Alto Minho,,3088.0,336.0,370.0
2006 / 2007,Cávado,14681.0,1870.0,1221.0,
2006 / 2007,Ave,,,1209.0,3468.0
2006 / 2007,Área Metropolitana do Porto,26014.0,15694.0,18779.0,10527.0
2006 / 2007,Alto Tâmega,451.0,,,405.0
2006 / 2007,Tâmega e Sousa,,628.0,,276.0
2006 / 2007,Douro,5793.0,1181.0,,
2006 / 2007,Terras de Trás-os-Montes,266.0,5939.0,287.0,1207.0
2006 / 2007,Centro,33538.0,38766.0,4803.0,1732.0
2006 / 2007,Oeste,,2189.0,73.0,158.0
2006 / 2007,Região de Aveiro,9010.0,2536.0,,367.0
2006 / 2007,Região de Coimbra,19081.0,10993.0,3204.0,
2006 / 2007,Região de Leiria,,6751.0,356.0,185.0
2006 / 2007,Viseu Dão Lafões,,5176.0,1170.0,816.0
2006 / 2007,Beira Baixa,,4580.0,,
2006 / 2007,Médio Tejo,,3133.0,,195.0
2006 / 2007,Beiras e Serra da Estrela,5447.0,3408.0,,11.0
2006 / 2007,Área Metropolitana de Lisboa,73239.0,22319.0,31833.0,12094.0
2006 / 2007,Área Metropolitana de Lisboa,73239.0,22319.0,31833.0,12094.0
2006 / 2007,Alentejo,6397.0,10442.0,628.0,
2006 / 2007,Alentejo Litoral,,,74.0,
2006 / 2007,Baixo Alentejo,,3083.0,294.0,
2006 / 2007,Lezíria do Tejo,,3780.0,260.0,
2006 / 2007,Alto Alentejo,,3148.0,,
2006 / 2007,Alentejo Central,6397.0,431.0,,
2006 / 2007,Algarve,3802.0,5247.0,998.0,760.0
2006 / 2007,Algarve,3802.0,5247.0,998.0,760.0
2006 / 2007,Região Autónoma dos Açores,2699.0,494.0,,
2006 / 2007,Região Autónoma dos Açores,2699.0,494.0,,
2006 / 2007,Região Autónoma dos Açores,2699.0,494.0,,
2006 / 2007,Região Autónoma da Madeira,2569.0,204.0,,475.0
2006 / 2007,Região Autónoma da Madeira,2569.0,204.0,,475.0
2006 / 2007,Região Autónoma da Madeira,2569.0,204.0,,475.0
2005 / 2006,Portugal,171575.0,103946.0,61197.0,30594.0
2005 / 2006,Continente,166504.0,103245.0,61181.0,30094.0
2005 / 2006,Norte,47841.0,27721.0,22068.0,16077.0
2005 / 2006,Alto Minho,,3134.0,315.0,330.0
2005 / 2006,Cávado,15130.0,1844.0,1180.0,
2005 / 2006,Ave,,,1072.0,3328.0
2005 / 2006,Área Metropolitana do Porto,26112.0,15811.0,19266.0,10311.0
2005 / 2006,Alto Tâmega,523.0,,,377.0
2005 / 2006,Tâmega e Sousa,,556.0,,332.0
2005 / 2006,Douro,5777.0,1232.0,,
2005 / 2006,Terras de Trás-os-Montes,299.0,5144.0,235.0,1399.0
2005 / 2006,Centro,34142.0,38278.0,5225.0,1652.0
2005 / 2006,Oeste,,2108.0,68.0,109.0
2005 / 2006,Região de Aveiro,8902.0,2579.0,,341.0
2005 / 2006,Região de Coimbra,19890.0,10736.0,3387.0,
2005 / 2006,Região de Leiria,,6886.0,409.0,79.0
2005 / 2006,Viseu Dão Lafões,,5112.0,1361.0,883.0
2005 / 2006,Beira Baixa,,4449.0,,
2005 / 2006,Médio Tejo,,3101.0,,215.0
2005 / 2006,Beiras e Serra da Estrela,5350.0,3307.0,,25.0
2005 / 2006,Área Metropolitana de Lisboa,73203.0,22014.0,32125.0,11700.0
2005 / 2006,Área Metropolitana de Lisboa,73203.0,22014.0,32125.0,11700.0
2005 / 2006,Alentejo,7500.0,10068.0,839.0,
2005 / 2006,Alentejo Litoral,,,42.0,
2005 / 2006,Baixo Alentejo,,3049.0,531.0,
2005 / 2006,Lezíria do Tejo,,3548.0,266.0,
2005 / 2006,Alto Alentejo,,3055.0,,
2005 / 2006,Alentejo Central,7500.0,416.0,,
2005 / 2006,Algarve,3818.0,5164.0,924.0,665.0
2005 / 2006,Algarve,3818.0,5164.0,924.0,665.0
2005 / 2006,Região Autónoma dos Açores,2520.0,505.0,16.0,
2005 / 2006,Região Autónoma dos Açores,2520.0,505.0,16.0,
2005 / 2006,Região Autónoma dos Açores,2520.0,505.0,16.0,
2005 / 2006,Região Autónoma da Madeira,2551.0,196.0,,500.0
2005 / 2006,Região Autónoma da Madeira,2551.0,196.0,,500.0
2005 / 2006,Região Autónoma da Madeira,2551.0,196.0,,500.0
2004 / 2005,Portugal,173897.0,108376.0,66478.0,32186.0
2004 / 2005,Continente,168460.0,107736.0,66462.0,31719.0
2004 / 2005,Norte,48302.0,28529.0,23780.0,16339.0
2004 / 2005,Alto Minho,,3352.0,370.0,333.0
2004 / 2005,Cávado,15312.0,1842.0,1205.0,
2004 / 2005,Ave,,,1111.0,3337.0
2004 / 2005,Área Metropolitana do Porto,26387.0,16310.0,20777.0,10451.0
2004 / 2005,Alto Tâmega,601.0,,,314.0
2004 / 2005,Tâmega e Sousa,,452.0,,392.0
2004 / 2005,Douro,5692.0,1225.0,,
2004 / 2005,Terras de Trás-os-Montes,310.0,5348.0,317.0,1512.0
2004 / 2005,Centro,34089.0,39821.0,5816.0,1988.0
2004 / 2005,Oeste,,1956.0,69.0,102.0
2004 / 2005,Região de Aveiro,8944.0,2758.0,,409.0
2004 / 2005,Região de Coimbra,19872.0,10896.0,3601.0,
2004 / 2005,Região de Leiria,,7231.0,473.0,110.0
2004 / 2005,Viseu Dão Lafões,,5437.0,1673.0,1096.0
2004 / 2005,Beira Baixa,,4652.0,,
2004 / 2005,Médio Tejo,,3348.0,,231.0
2004 / 2005,Beiras e Serra da Estrela,5273.0,3543.0,,40.0
2004 / 2005,Área Metropolitana de Lisboa,74157.0,23387.0,34810.0,12915.0
2004 / 2005,Área Metropolitana de Lisboa,74157.0,23387.0,34810.0,12915.0
2004 / 2005,Alentejo,8010.0,10785.0,1034.0,
2004 / 2005,Alentejo Litoral,,,45.0,
2004 / 2005,Baixo Alentejo,,3227.0,669.0,
2004 / 2005,Lezíria do Tejo,,3842.0,320.0,
2004 / 2005,Alto Alentejo,,3342.0,,
2004 / 2005,Alentejo Central,8010.0,374.0,,
2004 / 2005,Algarve,3902.0,5214.0,1022.0,477.0
2004 / 2005,Algarve,3902.0,5214.0,1022.0,477.0
2004 / 2005,Região Autónoma dos Açores,2848.0,494.0,16.0,
2004 / 2005,Região Autónoma dos Açores,2848.0,494.0,16.0,
2004 / 2005,Região Autónoma dos Açores,2848.0,494.0,16.0,
2004 / 2005,Região Autónoma da Madeira,2589.0,146.0,,467.0
2004 / 2005,Região Autónoma da Madeira,2589.0,146.0,,467.0
2004 / 2005,Região Autónoma da Madeira,2589.0,146.0,,467.0
2003 / 2004,Portugal,176827.0,111482.0,72774.0,33980.0
2003 / 2004,Continente,171443.0,110883.0,72758.0,33540.0
2003 / 2004,Norte,49309.0,29456.0,25907.0,16589.0
2003 / 2004,Alto Minho,,3517.0,429.0,252.0
2003 / 2004,Cávado,15835.0,1767.0,1182.0,
2003 / 2004,Ave,,,1115.0,3113.0
2003 / 2004,Área Metropolitana do Porto,26733.0,17075.0,22808.0,10794.0
2003 / 2004,Alto Tâmega,662.0,,,216.0
2003 / 2004,Tâmega e Sousa,,327.0,,496.0
2003 / 2004,Douro,5755.0,1276.0,,
2003 / 2004,Terras de Trás-os-Montes,324.0,5494.0,373.0,1718.0
2003 / 2004,Centro,35867.0,41064.0,6271.0,2366.0
2003 / 2004,Oeste,,1985.0,95.0,136.0
2003 / 2004,Região de Aveiro,9016.0,2660.0,,429.0
2003 / 2004,Região de Coimbra,21501.0,11598.0,3776.0,
2003 / 2004,Região de Leiria,,7254.0,569.0,108.0
2003 / 2004,Viseu Dão Lafões,,5705.0,1809.0,1302.0
2003 / 2004,Beira Baixa,,4601.0,,
2003 / 2004,Médio Tejo,,3493.0,22.0,315.0
2003 / 2004,Beiras e Serra da Estrela,5350.0,3768.0,,76.0
2003 / 2004,Área Metropolitana de Lisboa,73946.0,23516.0,38227.0,14258.0
2003 / 2004,Área Metropolitana de Lisboa,73946.0,23516.0,38227.0,14258.0
2003 / 2004,Alentejo,7944.0,11259.0,1281.0,
2003 / 2004,Alentejo Litoral,,,34.0,
2003 / 2004,Baixo Alentejo,,3545.0,835.0,
2003 / 2004,Lezíria do Tejo,,4095.0,412.0,
2003 / 2004,Alto Alentejo,,3250.0,,
2003 / 2004,Alentejo Central,7944.0,369.0,,
2003 / 2004,Algarve,4377.0,5588.0,1072.0,327.0
2003 / 2004,Algarve,4377.0,5588.0,1072.0,327.0
2003 / 2004,Região Autónoma dos Açores,2931.0,480.0,16.0,
2003 / 2004,Região Autónoma dos Açores,2931.0,480.0,16.0,
2003 / 2004,Região Autónoma dos Açores,2931.0,480.0,16.0,
2003 / 2004,Região Autónoma da Madeira,2453.0,119.0,,440.0
2003 / 2004,Região Autónoma da Madeira,2453.0,119.0,,440.0
2003 / 2004,Região Autónoma da Madeira,2453.0,119.0,,440.0
2002 / 2003,Portugal,178000.0,112532.0,75993.0,34306.0
2002 / 2003,Continente,172189.0,112051.0,75976.0,33874.0
2002 / 2003,Norte,50034.0,29436.0,26712.0,16245.0
2002 / 2003,Alto Minho,,3588.0,496.0,152.0
2002 / 2003,Cávado,16560.0,1591.0,1226.0,
2002 / 2003,Ave,,,1089.0,2640.0
2002 / 2003,Área Metropolitana do Porto,26331.0,16994.0,23481.0,10725.0
2002 / 2003,Alto Tâmega,668.0,,,240.0
2002 / 2003,Tâmega e Sousa,,237.0,,659.0
2002 / 2003,Douro,6198.0,1295.0,,
2002 / 2003,Terras de Trás-os-Montes,277.0,5731.0,420.0,1829.0
2002 / 2003,Centro,36392.0,41765.0,6529.0,2815.0
2002 / 2003,Oeste,,2057.0,111.0,155.0
2002 / 2003,Região de Aveiro,9316.0,2521.0,,474.0
2002 / 2003,Região de Coimbra,22020.0,11895.0,3705.0,
2002 / 2003,Região de Leiria,,7188.0,632.0,102.0
2002 / 2003,Viseu Dão Lafões,,5836.0,2044.0,1530.0
2002 / 2003,Beira Baixa,,4771.0,,10.0
2002 / 2003,Médio Tejo,,3366.0,37.0,423.0
2002 / 2003,Beiras e Serra da Estrela,5056.0,4131.0,,121.0
2002 / 2003,Área Metropolitana de Lisboa,73017.0,23509.0,40100.0,14764.0
2002 / 2003,Área Metropolitana de Lisboa,73017.0,23509.0,40100.0,14764.0
2002 / 2003,Alentejo,8221.0,11725.0,1495.0,
2002 / 2003,Alentejo Litoral,,,17.0,
2002 / 2003,Baixo Alentejo,,3786.0,955.0,
2002 / 2003,Lezíria do Tejo,,4225.0,523.0,
2002 / 2003,Alto Alentejo,,3368.0,,
2002 / 2003,Alentejo Central,8221.0,346.0,,
2002 / 2003,Algarve,4525.0,5616.0,1140.0,50.0
2002 / 2003,Algarve,4525.0,5616.0,1140.0,50.0
2002 / 2003,Região Autónoma dos Açores,3252.0,394.0,17.0,
2002 / 2003,Região Autónoma dos Açores,3252.0,394.0,17.0,
2002 / 2003,Região Autónoma dos Açores,3252.0,394.0,17.0,
2002 / 2003,Região Autónoma da Madeira,2559.0,87.0,,432.0
2002 / 2003,Região Autónoma da Madeira,2559.0,87.0,,432.0
2002 / 2003,Região Autónoma da Madeira,2559.0,87.0,,432.0
2001 / 2002,Portugal,176303.0,108486.0,78592.0,33220.0
2001 / 2002,Continente,170591.0,107996.0,78592.0,32778.0
2001 / 2002,Norte,49762.0,28200.0,27338.0,14738.0
2001 / 2002,Alto Minho,,3416.0,496.0,
2001 / 2002,Cávado,16212.0,1390.0,1030.0,
2001 / 2002,Ave,,,1119.0,2139.0
2001 / 2002,Área Metropolitana do Porto,25830.0,16419.0,24190.0,10472.0
2001 / 2002,Alto Tâmega,566.0,,,231.0
2001 / 2002,Tâmega e Sousa,,171.0,,29.0
2001 / 2002,Douro,6935.0,1216.0,,
2001 / 2002,Terras de Trás-os-Montes,219.0,5588.0,503.0,1867.0
2001 / 2002,Centro,34751.0,39939.0,6604.0,2892.0
2001 / 2002,Oeste,,2001.0,131.0,161.0
2001 / 2002,Região de Aveiro,9036.0,2266.0,,477.0
2001 / 2002,Região de Coimbra,20898.0,11459.0,3673.0,
2001 / 2002,Região de Leiria,,6495.0,763.0,114.0
2001 / 2002,Viseu Dão Lafões,,5544.0,1933.0,1542.0
2001 / 2002,Beira Baixa,,4801.0,,16.0
2001 / 2002,Médio Tejo,,3128.0,104.0,468.0
2001 / 2002,Beiras e Serra da Estrela,4817.0,4245.0,,114.0
2001 / 2002,Área Metropolitana de Lisboa,73230.0,22610.0,41823.0,15087.0
2001 / 2002,Área Metropolitana de Lisboa,73230.0,22610.0,41823.0,15087.0
2001 / 2002,Alentejo,8251.0,11529.0,1720.0,
2001 / 2002,Alentejo Litoral,,,17.0,
2001 / 2002,Baixo Alentejo,,3779.0,1012.0,
2001 / 2002,Lezíria do Tejo,,4184.0,691.0,
2001 / 2002,Alto Alentejo,,3273.0,,
2001 / 2002,Alentejo Central,8251.0,293.0,,
2001 / 2002,Algarve,4597.0,5718.0,1107.0,61.0
2001 / 2002,Algarve,4597.0,5718.0,1107.0,61.0
2001 / 2002,Região Autónoma dos Açores,3184.0,430.0,,
2001 / 2002,Região Autónoma dos Açores,3184.0,430.0,,
2001 / 2002,Região Autónoma dos Açores,3184.0,430.0,,
2001 / 2002,Região Autónoma da Madeira,2528.0,60.0,,442.0
2001 / 2002,Região Autónoma da Madeira,2528.0,60.0,,442.0
2001 / 2002,Região Autónoma da Madeira,2528.0,60.0,,442.0
2000 / 2001,Portugal,171735.0,101795.0,81544.0,32629.0
2000 / 2001,Continente,166094.0,101313.0,81522.0,32149.0
2000 / 2001,Norte,48768.0,26285.0,28031.0,14381.0
2000 / 2001,Alto Minho,,3470.0,476.0,
2000 / 2001,Cávado,16016.0,1049.0,1135.0,
2000 / 2001,Ave,,,1259.0,1641.0
2000 / 2001,Área Metropolitana do Porto,25040.0,15506.0,24662.0,10598.0
2000 / 2001,Alto Tâmega,458.0,,,229.0
2000 / 2001,Tâmega e Sousa,,86.0,,70.0
2000 / 2001,Douro,7099.0,901.0,,
2000 / 2001,Terras de Trás-os-Montes,155.0,5273.0,499.0,1843.0
2000 / 2001,Centro,34470.0,37436.0,6584.0,2845.0
2000 / 2001,Oeste,,1848.0,256.0,168.0
2000 / 2001,Região de Aveiro,8825.0,2003.0,,485.0
2000 / 2001,Região de Coimbra,21248.0,10749.0,3472.0,
2000 / 2001,Região de Leiria,,5710.0,940.0,126.0
2000 / 2001,Viseu Dão Lafões,,5118.0,1789.0,1418.0
2000 / 2001,Beira Baixa,,4802.0,,56.0
2000 / 2001,Médio Tejo,,3107.0,127.0,468.0
2000 / 2001,Beiras e Serra da Estrela,4397.0,4099.0,,124.0
2000 / 2001,Área Metropolitana de Lisboa,69994.0,20792.0,43840.0,14855.0
2000 / 2001,Área Metropolitana de Lisboa,69994.0,20792.0,43840.0,14855.0
2000 / 2001,Alentejo,8090.0,11337.0,2042.0,
2000 / 2001,Alentejo Litoral,,,,
2000 / 2001,Baixo Alentejo,,3782.0,1121.0,
2000 / 2001,Lezíria do Tejo,,4099.0,921.0,
2000 / 2001,Alto Alentejo,,3180.0,,
2000 / 2001,Alentejo Central,8090.0,276.0,,
2000 / 2001,Algarve,4772.0,5463.0,1025.0,68.0
2000 / 2001,Algarve,4772.0,5463.0,1025.0,68.0
2000 / 2001,Região Autónoma dos Açores,3303.0,422.0,,
2000 / 2001,Região Autónoma dos Açores,3303.0,422.0,,
2000 / 2001,Região Autónoma dos Açores,3303.0,422.0,,
2000 / 2001,Região Autónoma da Madeira,2338.0,60.0,22.0,480.0
2000 / 2001,Região Autónoma da Madeira,2338.0,60.0,22.0,480.0
2000 / 2001,Região Autónoma da Madeira,2338.0,60.0,22.0,480.0
1999 / 2000,Portugal,164722.0,90286.0,86713.0,32024.0
1999 / 2000,Continente,159162.0,89911.0,86693.0,31573.0
1999 / 2000,Norte,47696.0,23151.0,29422.0,14002.0
1999 / 2000,Alto Minho,,2960.0,410.0,
1999 / 2000,Cávado,15723.0,805.0,1196.0,
1999 / 2000,Ave,,,1344.0,1526.0
1999 / 2000,Área Metropolitana do Porto,24357.0,14296.0,25969.0,10584.0
1999 / 2000,Alto Tâmega,340.0,,,156.0
1999 / 2000,Tâmega e Sousa,,16.0,,115.0
1999 / 2000,Douro,7225.0,588.0,,
1999 / 2000,Terras de Trás-os-Montes,51.0,4486.0,503.0,1621.0
1999 / 2000,Centro,34029.0,32682.0,6691.0,2841.0
1999 / 2000,Oeste,,1482.0,385.0,180.0
1999 / 2000,Região de Aveiro,8208.0,1782.0,,536.0
1999 / 2000,Região de Coimbra,21376.0,9345.0,3416.0,
1999 / 2000,Região de Leiria,,4823.0,1167.0,117.0
1999 / 2000,Viseu Dão Lafões,,4287.0,1589.0,1318.0
1999 / 2000,Beira Baixa,,4365.0,,139.0
1999 / 2000,Médio Tejo,,2698.0,134.0,368.0
1999 / 2000,Beiras e Serra da Estrela,4445.0,3900.0,,183.0
1999 / 2000,Área Metropolitana de Lisboa,65117.0,19436.0,47260.0,14652.0
1999 / 2000,Área Metropolitana de Lisboa,65117.0,19436.0,47260.0,14652.0
1999 / 2000,Alentejo,7763.0,9570.0,2375.0,
1999 / 2000,Alentejo Litoral,,,,
1999 / 2000,Baixo Alentejo,,3325.0,1220.0,
1999 / 2000,Lezíria do Tejo,,3493.0,1155.0,
1999 / 2000,Alto Alentejo,,2533.0,,
1999 / 2000,Alentejo Central,7763.0,219.0,,
1999 / 2000,Algarve,4557.0,5072.0,945.0,78.0
1999 / 2000,Algarve,4557.0,5072.0,945.0,78.0
1999 / 2000,Região Autónoma dos Açores,3288.0,342.0,,
1999 / 2000,Região Autónoma dos Açores,3288.0,342.0,,
1999 / 2000,Região Autónoma dos Açores,3288.0,342.0,,
1999 / 2000,Região Autónoma da Madeira,2272.0,33.0,20.0,451.0
1999 / 2000,Região Autónoma da Madeira,2272.0,33.0,20.0,451.0
1999 / 2000,Região Autónoma da Madeira,2272.0,33.0,20.0,451.0
1998 / 1999,Portugal,158850.0,80007.0,87878.0,30055.0
1998 / 1999,Continente,153610.0,79655.0,87820.0,29595.0
1998 / 1999,Norte,45800.0,20580.0,29118.0,12913.0
1998 / 1999,Alto Minho,,2547.0,298.0,
1998 / 1999,Cávado,14963.0,530.0,1298.0,
1998 / 1999,Ave,,,1384.0,1141.0
1998 / 1999,Área Metropolitana do Porto,23604.0,12917.0,25606.0,10065.0
1998 / 1999,Alto Tâmega,252.0,,,119.0
1998 / 1999,Tâmega e Sousa,,,,248.0
1998 / 1999,Douro,6953.0,516.0,62.0,
1998 / 1999,Terras de Trás-os-Montes,28.0,4070.0,470.0,1340.0
1998 / 1999,Centro,33598.0,28312.0,6801.0,2715.0
1998 / 1999,Oeste,,1122.0,538.0,174.0
1998 / 1999,Região de Aveiro,8253.0,1616.0,,570.0
1998 / 1999,Região de Coimbra,21176.0,8013.0,3511.0,
1998 / 1999,Região de Leiria,,4305.0,1222.0,155.0
1998 / 1999,Viseu Dão Lafões,,3713.0,1385.0,1109.0
1998 / 1999,Beira Baixa,,3627.0,,168.0
1998 / 1999,Médio Tejo,,2125.0,145.0,312.0
1998 / 1999,Beiras e Serra da Estrela,4169.0,3791.0,,227.0
1998 / 1999,Área Metropolitana de Lisboa,62815.0,17970.0,48519.0,13862.0
1998 / 1999,Área Metropolitana de Lisboa,62815.0,17970.0,48519.0,13862.0
1998 / 1999,Alentejo,7246.0,8062.0,2664.0,
1998 / 1999,Alentejo Litoral,,,,
1998 / 1999,Baixo Alentejo,,3152.0,1336.0,
1998 / 1999,Lezíria do Tejo,,2968.0,1328.0,
1998 / 1999,Alto Alentejo,,1740.0,,
1998 / 1999,Alentejo Central,7246.0,202.0,,
1998 / 1999,Algarve,4151.0,4731.0,718.0,105.0
1998 / 1999,Algarve,4151.0,4731.0,718.0,105.0
1998 / 1999,Região Autónoma dos Açores,3084.0,319.0,,
1998 / 1999,Região Autónoma dos Açores,3084.0,319.0,,
1998 / 1999,Região Autónoma dos Açores,3084.0,319.0,,
1998 / 1999,Região Autónoma da Madeira,2156.0,33.0,58.0,460.0
1998 / 1999,Região Autónoma da Madeira,2156.0,33.0,58.0,460.0
1998 / 1999,Região Autónoma da Madeira,2156.0,33.0,58.0,460.0
1997 / 1998,Portugal,153951.0,72691.0,92390.0,28441.0
1997 / 1998,Continente,149054.0,72368.0,92316.0,27985.0
1997 / 1998,Norte,44808.0,18791.0,30330.0,12605.0
1997 / 1998,Alto Minho,,2390.0,43.0,257.0
1997 / 1998,Cávado,14417.0,347.0,1227.0,
1997 / 1998,Ave,,,1517.0,1039.0
1997 / 1998,Área Metropolitana do Porto,23804.0,12240.0,26996.0,9694.0
1997 / 1998,Alto Tâmega,138.0,,30.0,120.0
1997 / 1998,Tâmega e Sousa,,,,393.0
1997 / 1998,Douro,6449.0,411.0,64.0,
1997 / 1998,Terras de Trás-os-Montes,,3403.0,453.0,1102.0
1997 / 1998,Centro,32815.0,24801.0,6866.0,2725.0
1997 / 1998,Oeste,,907.0,730.0,209.0
1997 / 1998,Região de Aveiro,7839.0,1340.0,,461.0
1997 / 1998,Região de Coimbra,20888.0,7337.0,3487.0,
1997 / 1998,Região de Leiria,,3454.0,1218.0,181.0
1997 / 1998,Viseu Dão Lafões,,3181.0,1266.0,995.0
1997 / 1998,Beira Baixa,,2990.0,,285.0
1997 / 1998,Médio Tejo,,1726.0,165.0,283.0
1997 / 1998,Beiras e Serra da Estrela,4088.0,3866.0,,311.0
1997 / 1998,Área Metropolitana de Lisboa,60715.0,17294.0,51514.0,12547.0
1997 / 1998,Área Metropolitana de Lisboa,60715.0,17294.0,51514.0,12547.0
1997 / 1998,Alentejo,6874.0,7249.0,3073.0,
1997 / 1998,Alentejo Litoral,,,,
1997 / 1998,Baixo Alentejo,,2790.0,1373.0,
1997 / 1998,Lezíria do Tejo,,2660.0,1700.0,
1997 / 1998,Alto Alentejo,,1586.0,,
1997 / 1998,Alentejo Central,6874.0,213.0,,
1997 / 1998,Algarve,3842.0,4233.0,533.0,108.0
1997 / 1998,Algarve,3842.0,4233.0,533.0,108.0
1997 / 1998,Região Autónoma dos Açores,2802.0,303.0,,
1997 / 1998,Região Autónoma dos Açores,2802.0,303.0,,
1997 / 1998,Região Autónoma dos Açores,2802.0,303.0,,
1997 / 1998,Região Autónoma da Madeira,2095.0,20.0,74.0,456.0
1997 / 1998,Região Autónoma da Madeira,2095.0,20.0,74.0,456.0
1997 / 1998,Região Autónoma da Madeira,2095.0,20.0,74.0,456.0
"Alunas/os inscritas/os no ensino superior (N.º) por Localização geográfica (NUTS - 2013), Sexo e Tipo de subsistemas; Anual - Direção-Geral de Estatísticas da Educação e Ciência",,,,,
"Alunas/os inscritas/os no ensino superior (N.º) por Localização geográfica (NUTS - 2013), Sexo e Tipo de subsistemas; Anual - Direção-Geral de Estatísticas da Educação e Ciência",,,,,
Nota(s):,,,,,
"(1) A partir de 1 de janeiro de 2015 entrou em vigor uma nova versão das NUTS (NUTS 2013). Ao nível da NUTS II ocorreu apenas uma alteração de designação em ""Lisboa"" que passou a ser designada por ""Área Metropolitana de Lisboa"".",,,,,
"(1) A partir de 1 de janeiro de 2015 entrou em vigor uma nova versão das NUTS (NUTS 2013). Ao nível da NUTS II ocorreu apenas uma alteração de designação em ""Lisboa"" que passou a ser designada por ""Área Metropolitana de Lisboa"".",,,,,
Sinais convencionais:,,,,,
-: Dado nulo ou não aplicável,,,,,
-: Dado nulo ou não aplicável,,,,,
Última atualização destes dados: 07 de outubro de 2022,,,,,
